emon,ytfyukfk,kuygfkuyg
joy,gjhkuh77,6666
,,
,,
Abraham,23ee@gmail.com,12344
1,1,1
Faisal,faisal22@gmail.com,faisal
hamilton,hamilton@gmail.com,12344
Obito,obito@gmail.com,12344
Bushra,bushra@gmai.com,12344
Mr x,mrx998@gmail.com,123456
Emon,emon@gmail.com,123
Judan,judan123@gmail.com,123
Zihad,zihad12@gmail.com,1234
EmonJoy,emon12@gmail.com,12344
